{
  "price_usd": 55.819698333740234,
  "usd_sek": 9.17838742,
  "total_shares": 162.74,
  "invested": 82169.15,
  "value": 83377.36811444581,
  "profit": 1208.2181144458154,
  "return_percent": 1.4704035692785133,
  "timestamp": 1772991112
}